name,map,P_1,P_5,P_10,recall_30,map +,map -,map p-value,P_1 +,P_1 -,P_1 p-value,P_5 +,P_5 -,P_5 p-value,P_10 +,P_10 -,P_10 p-value,recall_30 +,recall_30 -,recall_30 p-value
BM25,0.1454,0.4,0.28,0.38,0.34,,,,,,,,,,,,,,,
TF_IDF,0.1603,0.4,0.24,0.28,0.38,2.0,3.0,0.475793223094509,1.0,1.0,1.0,0.0,1.0,0.373900966300059,0.0,4.0,0.034109423167409635,2.0,2.0,0.3739009663000587
DPH,0.1558,0.4,0.28,0.22,0.3933,1.0,4.0,0.6776670557828145,1.0,1.0,1.0,1.0,1.0,1.0,0.0,4.0,0.07774164094789979,3.0,0.0,0.12024334063356451
PL2,0.1667,0.4,0.28,0.26,0.4,2.0,3.0,0.2988680867037841,1.0,1.0,1.0,1.0,1.0,0.9999999999999999,0.0,5.0,0.003882537046960509,3.0,1.0,0.19492947275532
InL2,0.1693,0.4,0.28,0.3,0.3933,3.0,1.0,0.22741935771933722,1.0,1.0,1.0,1.0,1.0,0.9999999999999999,0.0,3.0,0.09930068321372687,2.0,0.0,0.19513791758605345
